{"cameraMode":{"drawMode":0,"name":"Shaded","section":"Shading Mode"},"sceneLighting":true,"audioPlay":false,"sceneViewState":{"m_AlwaysRefresh":false,"showFog":true,"showSkybox":true,"showFlares":true,"showImageEffects":true,"showParticleSystems":true,"showVisualEffectGraphs":true,"m_FxEnabled":true},"in2DMode":false,"pivot":{"x":181.14674377441407,"y":-93.50277709960938,"z":447.8430480957031},"rotation":{"x":0.09842395037412644,"y":0.19308164715766908,"z":-0.01947079226374626,"w":0.9760397672653198},"size":269.82403564453127,"orthographic":false}